tour,start,end,startPos,endPos
1,212,258,0,6
1,280,302,6,5
1,305,331,5,4
1,365,414,4,6
1,436,460,6,0
2,224,258,0,9
2,265,311,9,9
2,318,366,9,2
2,388,436,2,2
2,458,506,2,2
2,528,576,2,2
2,598,646,2,2
2,668,716,2,2
2,738,786,2,2
2,808,856,2,2
2,878,926,2,2
2,948,996,2,2
2,1018,1066,2,2
2,1088,1136,2,2
2,1158,1178,2,0
3,249,281,0,6
3,316,356,6,9
3,373,408,9,6
3,443,483,6,9
3,500,535,9,6
3,570,610,6,9
3,627,662,9,6
3,691,731,6,9
3,754,789,9,6
3,818,858,6,9
3,881,916,9,6
3,945,985,6,9
3,1008,1043,9,6
3,1072,1112,6,9
3,1135,1170,9,6
3,1199,1239,6,9
3,1262,1297,9,6
3,1326,1366,6,9
3,1389,1424,9,6
3,1453,1486,6,0
4,263,286,0,4
4,319,355,4,5
4,359,402,5,2
4,435,470,2,4
4,503,539,4,5
4,543,586,5,2
4,619,654,2,4
4,687,723,4,5
4,727,770,5,2
4,803,838,2,4
4,871,907,4,5
4,911,954,5,2
4,987,1022,2,4
4,1055,1091,4,5
4,1095,1138,5,2
4,1171,1206,2,4
4,1216,1263,4,9
4,1271,1300,9,0
5,267,289,0,5
5,310,356,5,5
5,376,429,5,2
5,436,467,2,0
6,278,303,0,2
6,328,371,2,3
6,378,437,3,0
7,300,333,0,1
7,339,364,1,1
7,370,395,1,1
7,401,426,1,1
7,432,457,1,1
7,463,488,1,1
7,494,519,1,1
7,525,550,1,1
7,556,581,1,1
7,587,612,1,1
7,618,643,1,1
7,649,674,1,1
7,680,705,1,1
7,711,736,1,1
7,742,767,1,1
7,773,798,1,1
7,804,829,1,1
7,835,860,1,1
7,866,891,1,1
7,897,922,1,1
7,928,971,1,4
7,979,1004,4,7
7,1021,1049,7,9
7,1084,1112,9,9
7,1147,1175,9,9
7,1210,1235,9,0
8,301,345,0,5
8,363,405,5,4
8,417,451,4,4
8,456,489,4,5
8,507,549,5,4
8,561,595,4,4
8,600,633,4,5
8,651,693,5,4
8,705,739,4,4
8,744,777,4,5
8,795,849,5,5
8,877,911,5,4
8,916,949,4,5
8,967,1021,5,5
8,1049,1083,5,4
8,1088,1121,4,5
8,1139,1193,5,5
8,1217,1251,5,4
8,1256,1289,4,5
8,1307,1353,5,2
8,1359,1393,2,4
8,1398,1431,4,5
8,1449,1494,5,0
9,307,362,0,8
9,378,430,8,8
9,446,472,8,6
9,491,529,6,3
9,532,568,3,6
9,587,623,6,6
9,642,678,6,6
9,697,733,6,6
9,752,788,6,6
9,807,843,6,6
9,862,898,6,6
9,917,953,6,6
9,972,1008,6,6
9,1027,1063,6,6
9,1082,1118,6,6
9,1137,1173,6,6
9,1192,1243,6,0
10,308,334,0,8
10,352,377,8,3
10,382,406,3,8
10,424,449,8,3
10,454,478,3,8
10,496,521,8,3
10,526,550,3,8
10,568,593,8,3
10,598,622,3,8
10,640,665,8,3
10,670,694,3,8
10,712,737,8,3
10,742,766,3,8
10,784,809,8,3
10,814,838,3,8
10,856,881,8,3
10,887,911,3,8
10,929,954,8,3
10,960,984,3,8
10,1002,1027,8,3
10,1033,1057,3,8
10,1075,1100,8,3
10,1106,1130,3,8
10,1148,1199,8,0
11,310,361,0,3
11,381,424,3,0
12,310,346,0,6
12,372,414,6,1
12,447,478,1,5
12,512,559,5,6
12,585,627,6,1
12,660,691,1,5
12,725,772,5,6
12,798,840,6,1
12,873,904,1,5
12,924,971,5,6
12,997,1039,6,1
12,1072,1103,1,5
12,1123,1170,5,0
13,311,361,0,6
13,384,434,6,6
13,458,508,6,6
13,532,582,6,6
13,606,656,6,6
13,680,700,6,9
13,714,734,9,9
13,748,768,9,9
13,782,833,9,6
13,854,904,6,7
13,909,959,7,7
13,964,1014,7,7
13,1019,1069,7,7
13,1074,1124,7,7
13,1129,1179,7,7
13,1188,1238,7,7
13,1246,1296,7,7
13,1304,1359,7,0
14,315,368,0,1
14,399,457,1,2
14,462,495,2,0
15,315,371,0,6
15,392,414,6,8
15,425,466,8,5
15,469,502,5,6
15,523,545,6,8
15,556,597,8,5
15,600,638,5,5
15,664,686,5,8
15,697,736,8,5
15,767,794,5,4
15,806,828,4,8
15,839,878,8,5
15,908,935,5,4
15,947,969,4,8
15,980,1019,8,5
15,1049,1076,5,4
15,1088,1110,4,8
15,1121,1160,8,5
15,1190,1210,5,0
16,317,374,0,4
16,395,415,4,8
16,441,498,8,4
16,509,529,4,8
16,555,612,8,4
16,623,643,4,8
16,669,726,8,4
16,737,757,4,8
16,765,822,8,4
16,833,853,4,8
16,861,918,8,4
16,929,949,4,8
16,957,1014,8,4
16,1025,1070,4,3
16,1089,1146,3,4
16,1154,1199,4,3
16,1218,1238,3,0
17,319,356,0,6
17,391,447,6,2
17,456,508,2,0
18,319,354,0,1
18,382,405,1,3
18,435,467,3,0
19,319,352,0,8
19,374,416,8,8
19,448,503,8,0
20,321,373,0,3
20,407,450,3,3
20,484,527,3,3
20,561,604,3,3
20,638,681,3,3
20,703,746,3,3
20,768,811,3,3
20,833,876,3,3
20,898,941,3,3
20,963,1006,3,3
20,1028,1073,3,9
20,1097,1142,9,9
20,1166,1186,9,0
21,321,361,0,6
21,389,427,6,8
21,460,480,8,0
22,322,362,0,4
22,390,447,4,4
22,475,497,4,1
22,501,529,1,5
22,532,560,5,5
22,563,591,5,5
22,594,622,5,5
22,625,653,5,5
22,677,732,5,5
22,765,820,5,5
22,853,908,5,5
22,941,996,5,5
22,1029,1084,5,5
22,1092,1147,5,5
22,1155,1175,5,0
23,324,376,0,5
23,410,434,5,9
23,466,500,9,2
23,524,550,2,5
23,584,608,5,9
23,640,674,9,2
23,698,724,2,5
23,758,782,5,9
23,814,848,9,2
23,872,898,2,5
23,932,956,5,9
23,988,1022,9,2
23,1046,1072,2,5
23,1106,1130,5,9
23,1162,1196,9,2
23,1220,1266,2,0
24,324,377,0,6
24,389,449,6,7
24,463,483,7,0
25,326,354,0,6
25,357,410,6,4
25,419,451,4,6
25,455,497,6,6
25,500,553,6,4
25,562,594,4,6
25,598,640,6,6
25,643,696,6,4
25,705,737,4,6
25,741,783,6,6
25,786,839,6,4
25,848,880,4,6
25,884,926,6,6
25,929,982,6,4
25,991,1023,4,6
25,1044,1086,6,6
25,1089,1142,6,4
25,1151,1183,4,6
25,1204,1243,6,0
26,327,384,0,5
26,395,429,5,4
26,442,468,4,3
26,502,522,3,0
27,328,365,0,1
27,375,417,1,9
27,423,475,9,9
27,493,542,9,1
27,552,594,1,9
27,600,652,9,9
27,670,719,9,1
27,735,777,1,9
27,783,835,9,9
27,853,902,9,1
27,918,960,1,9
27,966,1018,9,9
27,1036,1085,9,1
27,1101,1143,1,9
27,1149,1201,9,9
27,1219,1268,9,1
27,1284,1326,1,9
27,1332,1352,9,0
28,328,359,0,8
28,392,445,8,2
28,476,512,2,8
28,545,598,8,2
28,629,665,2,8
28,698,751,8,2
28,782,818,2,8
28,851,904,8,2
28,935,971,2,8
28,1004,1057,8,2
28,1088,1124,2,8
28,1157,1177,8,0
29,329,355,0,3
29,377,403,3,3
29,425,451,3,3
29,473,499,3,3
29,521,547,3,3
29,569,595,3,3
29,617,643,3,3
29,651,677,3,3
29,685,711,3,3
29,719,766,3,6
29,776,823,6,6
29,833,880,6,6
29,890,937,6,6
29,947,994,6,6
29,1004,1051,6,6
29,1061,1108,6,6
29,1118,1165,6,6
29,1175,1222,6,6
29,1232,1279,6,6
29,1289,1336,6,6
29,1351,1398,6,6
29,1413,1460,6,6
29,1475,1495,6,0
30,329,387,0,9
30,413,456,9,3
30,469,513,3,0
31,330,365,0,5
31,373,397,5,6
31,405,448,6,4
31,473,511,4,5
31,519,543,5,6
31,551,594,6,4
31,610,648,4,5
31,654,678,5,6
31,686,729,6,4
31,745,783,4,5
31,789,813,5,6
31,821,864,6,4
31,874,912,4,5
31,943,967,5,6
31,975,1018,6,4
31,1028,1066,4,5
31,1097,1121,5,6
31,1129,1172,6,2
31,1202,1240,2,0
32,330,356,0,4
32,370,396,4,3
32,401,440,3,4
32,454,480,4,3
32,485,524,3,4
32,538,564,4,3
32,569,608,3,4
32,622,648,4,3
32,653,692,3,4
32,706,732,4,3
32,737,776,3,4
32,792,818,4,3
32,840,879,3,4
32,895,921,4,3
32,929,968,3,4
32,984,1010,4,3
32,1018,1061,3,7
32,1088,1114,7,3
32,1122,1167,3,0
33,331,377,0,4
33,406,445,4,4
33,474,513,4,4
33,542,581,4,4
33,610,649,4,4
33,678,717,4,4
33,746,785,4,4
33,814,853,4,4
33,882,921,4,4
33,950,989,4,4
33,1018,1057,4,4
33,1086,1125,4,4
33,1154,1193,4,4
33,1222,1261,4,4
33,1290,1310,4,0
34,336,357,0,7
34,362,415,7,7
34,420,473,7,7
34,478,501,7,0
35,336,360,0,5
35,378,416,5,9
35,446,469,9,3
35,489,548,3,5
35,566,604,5,9
35,634,657,9,3
35,670,729,3,5
35,747,785,5,9
35,815,838,9,3
35,851,910,3,5
35,928,966,5,9
35,996,1019,9,3
35,1032,1091,3,5
35,1109,1152,5,0
36,336,380,0,3
36,383,406,3,1
36,410,449,1,9
36,470,511,9,7
36,532,555,7,1
36,559,598,1,9
36,619,660,9,7
36,681,704,7,1
36,708,747,1,9
36,774,815,9,7
36,836,894,7,6
36,921,960,6,9
36,987,1028,9,7
36,1049,1107,7,6
36,1134,1173,6,9
36,1200,1252,9,0
37,337,395,0,8
37,418,463,8,8
37,486,531,8,8
37,554,599,8,8
37,622,667,8,8
37,690,735,8,8
37,758,803,8,8
37,826,871,8,8
37,894,939,8,8
37,962,1007,8,8
37,1030,1075,8,8
37,1098,1143,8,8
37,1166,1211,8,8
37,1234,1284,8,7
37,1288,1338,7,7
37,1342,1392,7,7
37,1396,1446,7,7
37,1450,1485,7,0
38,339,384,0,7
38,411,440,7,7
38,467,496,7,7
38,523,552,7,7
38,579,608,7,7
38,635,659,7,4
38,686,710,4,4
38,737,761,4,4
38,788,816,4,2
38,821,849,2,2
38,854,882,2,2
38,891,919,2,2
38,923,951,2,2
38,955,983,2,2
38,987,1015,2,2
38,1019,1047,2,2
38,1051,1079,2,2
38,1083,1111,2,2
38,1115,1143,2,2
38,1147,1175,2,2
38,1179,1213,2,0
39,339,394,0,9
39,416,456,9,0
40,342,382,0,2
40,397,450,2,0
41,343,382,0,2
41,401,448,2,2
41,467,521,2,0
42,343,363,0,4
42,375,420,4,4
42,432,485,4,0
43,343,364,0,5
43,381,441,5,2
43,459,489,2,0
44,344,373,0,9
44,399,446,9,0
45,344,380,0,4
45,391,445,4,4
45,456,510,4,4
45,521,575,4,4
45,586,640,4,4
45,651,705,4,4
45,716,770,4,4
45,781,835,4,4
45,846,900,4,4
45,911,965,4,4
45,976,1030,4,4
45,1041,1069,4,6
45,1078,1106,6,6
45,1115,1143,6,6
45,1152,1180,6,6
45,1189,1217,6,6
45,1226,1254,6,6
45,1263,1291,6,6
45,1300,1347,6,0
46,348,405,0,3
46,432,479,3,6
46,495,532,6,3
46,544,591,3,6
46,607,644,6,3
46,650,697,3,6
46,713,750,6,3
46,756,803,3,6
46,819,872,6,6
46,904,939,6,8
46,947,1000,8,6
46,1032,1067,6,8
46,1083,1136,8,6
46,1168,1188,6,0
47,348,396,0,3
47,421,443,3,0
48,348,397,0,4
48,405,434,4,0
49,349,390,0,9
49,395,454,9,0
50,349,393,0,3
50,417,467,3,0
51,350,406,0,4
51,418,473,4,4
51,485,540,4,4
51,552,573,4,7
51,594,615,7,7
51,636,657,7,7
51,669,690,7,7
51,702,723,7,7
51,735,756,7,7
51,768,789,7,7
51,801,822,7,7
51,855,876,7,7
51,909,930,7,7
51,936,957,7,7
51,963,999,7,9
51,1015,1051,9,9
51,1067,1103,9,9
51,1119,1155,9,9
51,1171,1207,9,0
52,350,408,0,6
52,432,467,6,6
52,474,515,6,0
53,350,397,0,5
53,430,453,5,9
53,456,494,9,5
53,527,550,5,9
53,553,578,9,5
53,607,630,5,9
53,633,658,9,5
53,687,710,5,9
53,713,751,9,3
53,766,789,3,9
53,792,830,9,3
53,845,868,3,9
53,871,909,9,3
53,924,947,3,9
53,950,988,9,3
53,1003,1026,3,9
53,1029,1067,9,3
53,1082,1142,3,1
53,1177,1219,1,0
54,350,373,0,5
54,380,420,5,9
54,440,477,9,0
55,350,405,0,3
55,411,464,3,3
55,470,512,3,0
56,351,374,0,5
56,378,422,5,5
56,425,465,5,5
56,469,500,5,0
57,351,401,0,2
57,426,479,2,0
58,352,396,0,4
58,401,449,4,5
58,463,511,5,7
58,534,582,7,5
58,596,644,5,7
58,651,699,7,5
58,713,761,5,7
58,768,816,7,5
58,830,878,5,7
58,885,933,7,5
58,947,995,5,7
58,1002,1048,7,4
58,1052,1100,4,7
58,1107,1153,7,4
58,1157,1208,4,0
59,353,395,0,7
59,407,460,7,9
59,479,510,9,5
59,515,563,5,7
59,575,628,7,9
59,647,678,9,5
59,683,731,5,7
59,743,796,7,9
59,815,846,9,5
59,851,899,5,7
59,910,963,7,9
59,982,1013,9,5
59,1018,1066,5,7
59,1077,1130,7,9
59,1149,1180,9,5
59,1211,1259,5,7
59,1270,1314,7,0
60,353,413,0,8
60,422,443,8,8
60,452,488,8,0
61,353,375,0,2
61,389,434,2,2
61,448,493,2,2
61,507,552,2,2
61,566,611,2,2
61,625,670,2,2
61,684,729,2,2
61,743,788,2,2
61,802,847,2,2
61,861,906,2,2
61,920,965,2,2
61,979,1024,2,2
61,1038,1083,2,2
61,1097,1142,2,2
61,1156,1201,2,2
61,1215,1264,2,0
62,354,408,0,3
62,419,439,3,0
63,354,414,0,6
63,432,458,6,1
63,461,481,1,2
63,489,520,2,6
63,538,564,6,1
63,579,599,1,2
63,607,638,2,6
63,656,682,6,1
63,697,717,1,2
63,725,756,2,6
63,774,800,6,1
63,815,835,1,2
63,843,885,2,2
63,892,918,2,1
63,933,953,1,2
63,961,1003,2,2
63,1010,1036,2,1
63,1059,1079,1,2
63,1087,1114,2,4
63,1117,1143,4,1
63,1173,1193,1,2
63,1201,1253,2,0
64,354,411,0,1
64,431,459,1,5
64,488,538,5,7
64,566,594,7,5
64,623,673,5,7
64,701,729,7,5
64,758,808,5,7
64,836,864,7,5
64,893,943,5,7
64,971,999,7,5
64,1028,1078,5,7
64,1106,1134,7,5
64,1161,1211,5,7
64,1239,1267,7,5
64,1294,1344,5,7
64,1372,1392,7,0
65,355,375,0,7
65,410,449,7,6
65,477,528,6,2
65,533,581,2,7
65,616,655,7,6
65,678,722,6,9
65,730,768,9,5
65,782,821,5,6
65,844,888,6,9
65,896,934,9,5
65,948,987,5,6
65,1010,1054,6,9
65,1062,1100,9,5
65,1114,1153,5,6
65,1176,1196,6,0
66,355,412,0,3
66,431,457,3,5
66,481,516,5,3
66,535,561,3,5
66,585,620,5,3
66,639,665,3,5
66,689,724,5,3
66,743,769,3,5
66,793,846,5,4
66,870,896,4,5
66,920,973,5,4
66,997,1023,4,5
66,1047,1100,5,4
66,1124,1150,4,5
66,1174,1227,5,4
66,1251,1277,4,5
66,1301,1354,5,4
66,1378,1404,4,5
66,1428,1462,5,0
67,356,409,0,1
67,430,465,1,1
67,486,521,1,1
67,542,577,1,1
67,598,633,1,1
67,654,689,1,1
67,710,745,1,1
67,766,801,1,1
67,822,857,1,1
67,878,913,1,1
67,934,969,1,1
67,990,1025,1,1
67,1046,1074,1,1
67,1078,1106,1,1
67,1133,1161,1,1
67,1188,1232,1,0
68,356,377,0,7
68,402,436,7,0
69,358,407,0,4
69,417,437,4,0
70,359,391,0,7
70,418,469,7,0
71,361,401,0,2
71,416,450,2,9
71,458,497,9,2
71,512,546,2,9
71,554,593,9,2
71,625,659,2,9
71,669,708,9,2
71,740,774,2,9
71,784,823,9,2
71,855,889,2,9
71,899,938,9,2
71,970,1004,2,9
71,1014,1053,9,2
71,1085,1119,2,9
71,1129,1168,9,2
71,1200,1245,2,0
72,362,385,0,6
72,399,425,6,6
72,439,465,6,6
72,479,505,6,6
72,519,545,6,6
72,559,585,6,6
72,599,625,6,6
72,639,665,6,6
72,679,705,6,6
72,719,745,6,6
72,759,785,6,6
72,799,825,6,6
72,839,865,6,6
72,879,905,6,6
72,937,963,6,6
72,995,1021,6,6
72,1053,1079,6,6
72,1111,1137,6,6
72,1169,1195,6,6
72,1227,1253,6,6
72,1285,1311,6,6
72,1343,1369,6,6
72,1401,1427,6,0
73,362,417,0,9
73,434,461,9,0
74,363,387,0,7
74,397,430,7,4
74,433,486,4,9
74,490,523,9,4
74,526,579,4,9
74,583,616,9,4
74,619,641,4,8
74,672,705,8,4
74,708,767,4,6
74,789,822,6,4
74,825,884,4,6
74,906,939,6,4
74,942,1001,4,6
74,1029,1062,6,4
74,1065,1124,4,6
74,1152,1185,6,4
74,1188,1247,4,0
75,363,392,0,5
75,421,470,5,7
75,477,523,7,0
76,367,426,0,6
76,461,492,6,1
76,509,540,1,1
76,557,588,1,1
76,608,639,1,1
76,659,690,1,1
76,710,741,1,1
76,761,792,1,1
76,812,843,1,1
76,863,894,1,1
76,920,951,1,1
76,977,1008,1,1
76,1034,1065,1,1
76,1091,1122,1,1
76,1148,1179,1,1
76,1205,1226,1,0
77,367,415,0,8
77,449,506,8,4
77,536,565,4,2
77,585,639,2,8
77,673,730,8,4
77,760,789,4,2
77,809,835,2,3
77,843,900,3,4
77,930,959,4,2
77,979,1005,2,3
77,1013,1070,3,4
77,1100,1129,4,2
77,1149,1175,2,3
77,1183,1240,3,4
77,1270,1299,4,2
77,1319,1345,2,3
77,1353,1410,3,4
77,1440,1460,4,0
78,368,417,0,4
78,421,467,4,0
79,369,423,0,8
79,431,466,8,0
80,369,428,0,8
80,446,505,8,8
80,512,571,8,8
80,578,637,8,8
80,644,703,8,8
80,710,769,8,8
80,776,835,8,8
80,842,901,8,8
80,908,967,8,8
80,974,1033,8,8
80,1040,1099,8,8
80,1106,1165,8,0
81,369,415,0,8
81,442,473,8,2
81,485,541,2,4
81,558,596,4,8
81,623,654,8,2
81,666,722,2,4
81,749,787,4,8
81,814,845,8,2
81,857,916,2,6
81,931,969,6,8
81,996,1027,8,2
81,1039,1098,2,6
81,1113,1151,6,8
81,1162,1201,8,0
82,370,429,0,4
82,452,500,4,5
82,528,576,5,4
82,599,647,4,5
82,675,723,5,4
82,746,794,4,5
82,822,870,5,4
82,883,931,4,5
82,959,1007,5,4
82,1020,1068,4,5
82,1096,1144,5,4
82,1157,1191,4,7
82,1216,1268,7,0
83,370,417,0,2
83,421,441,2,0
84,371,417,0,2
84,446,505,2,0
85,371,393,0,4
85,405,465,4,4
85,478,499,4,6
85,526,584,6,4
85,596,656,4,4
85,669,690,4,6
85,717,775,6,4
85,787,847,4,0
86,371,398,0,7
86,411,461,7,6
86,469,521,6,7
86,551,599,7,7
86,612,637,7,7
86,668,720,7,7
86,750,774,7,2
86,784,809,2,7
86,840,892,7,7
86,922,946,7,2
86,956,981,2,7
86,994,1046,7,7
86,1076,1100,7,2
86,1110,1135,2,7
86,1148,1200,7,0
87,372,424,0,5
87,427,470,5,0
88,373,414,0,2
88,447,482,2,0
89,376,421,0,5
89,451,495,5,4
89,517,576,4,3
89,610,644,3,5
89,674,718,5,4
89,740,799,4,3
89,833,867,3,5
89,897,941,5,4
89,963,1022,4,3
89,1056,1090,3,5
89,1120,1164,5,4
89,1181,1229,4,0
90,379,402,0,2
90,427,471,2,2
90,495,541,2,4
90,560,596,4,2
90,621,665,2,2
90,689,735,2,4
90,754,790,4,2
90,815,859,2,2
90,883,929,2,4
90,948,984,4,2
90,1009,1053,2,8
90,1057,1103,8,4
90,1132,1168,4,2
90,1193,1237,2,8
90,1242,1288,8,0
91,379,420,0,8
91,440,477,8,2
91,500,545,2,8
91,565,602,8,2
91,625,670,2,8
91,690,727,8,2
91,750,795,2,8
91,815,846,8,0
92,379,403,0,6
92,409,468,6,6
92,474,512,6,2
92,537,575,2,2
92,600,638,2,2
92,663,701,2,2
92,726,764,2,2
92,789,827,2,2
92,852,890,2,2
92,915,953,2,2
92,978,1016,2,2
92,1041,1079,2,2
92,1104,1142,2,2
92,1167,1209,2,0
93,380,429,0,5
93,437,466,5,6
93,471,520,6,7
93,543,602,7,5
93,610,665,5,5
93,671,720,5,7
93,743,802,7,5
93,810,865,5,5
93,871,920,5,7
93,943,1002,7,5
93,1010,1065,5,5
93,1071,1120,5,7
93,1143,1202,7,5
93,1210,1253,5,0
94,381,407,0,2
94,420,477,2,5
94,502,531,5,2
94,544,601,2,5
94,628,657,5,2
94,670,727,2,5
94,754,787,5,6
94,806,831,6,0
95,381,423,0,7
95,437,477,7,0
96,382,439,0,7
96,474,504,7,0
97,382,436,0,5
97,444,470,5,3
97,497,540,3,7
97,543,570,7,4
97,585,611,4,3
97,614,657,3,7
97,660,687,7,4
97,702,728,4,3
97,731,774,3,7
97,793,828,7,2
97,841,867,2,3
97,870,913,3,7
97,932,967,7,2
97,980,1006,2,3
97,1035,1089,3,6
97,1119,1154,6,2
97,1167,1193,2,3
97,1207,1261,3,6
97,1291,1345,6,0
98,383,412,0,5
98,435,473,5,1
98,496,556,1,5
98,579,617,5,1
98,640,700,1,5
98,723,761,5,1
98,784,844,1,5
98,867,905,5,1
98,928,988,1,5
98,1011,1049,5,1
98,1072,1132,1,5
98,1155,1185,5,0
99,384,420,0,5
99,431,489,5,0
100,384,422,0,6
100,456,510,6,7
100,516,574,7,4
100,593,623,4,6
100,657,711,6,7
100,717,775,7,4
100,794,831,4,5
100,865,919,5,7
100,925,983,7,4
100,1010,1047,4,5
100,1081,1135,5,7
100,1141,1199,7,4
100,1226,1257,4,0
101,387,416,0,8
101,443,463,8,0
102,389,412,0,5
102,418,444,5,2
102,466,494,2,5
102,500,526,5,2
102,548,576,2,5
102,587,613,5,2
102,635,663,2,5
102,674,700,5,2
102,722,750,2,5
102,761,787,5,2
102,809,837,2,5
102,848,874,5,2
102,896,924,2,5
102,935,961,5,2
102,983,1011,2,5
102,1022,1048,5,2
102,1070,1098,2,5
102,1109,1135,5,2
102,1157,1185,2,5
102,1196,1226,5,6
102,1261,1281,6,0
103,390,428,0,2
103,457,507,2,0
104,392,430,0,4
104,447,467,4,0
105,392,441,0,5
105,461,487,5,0
106,392,427,0,0
107,393,429,0,7
107,457,496,7,7
107,524,563,7,7
107,591,630,7,7
107,658,697,7,7
107,725,764,7,7
107,792,831,7,7
107,859,898,7,7
107,926,965,7,7
107,993,1032,7,7
107,1060,1099,7,7
107,1127,1166,7,7
107,1194,1214,7,0
108,393,445,0,9
108,464,523,9,8
108,527,572,8,9
108,591,650,9,8
108,654,699,8,9
108,718,777,9,8
108,781,806,8,6
108,841,900,6,8
108,904,929,8,6
108,964,1023,6,8
108,1027,1052,8,6
108,1087,1146,6,8
108,1150,1175,8,6
108,1206,1265,6,8
108,1268,1293,8,6
108,1324,1383,6,8
108,1386,1411,8,6
108,1442,1462,6,0
109,393,442,0,3
109,475,530,3,7
109,559,583,7,9
109,611,642,9,3
109,675,730,3,7
109,759,783,7,9
109,811,842,9,3
109,875,930,3,7
109,959,983,7,9
109,1011,1042,9,3
109,1075,1130,3,7
109,1159,1183,7,9
109,1211,1247,9,0
110,395,449,0,4
110,459,501,4,4
110,511,553,4,4
110,563,605,4,4
110,615,657,4,4
110,667,709,4,4
110,719,761,4,4
110,792,834,4,4
110,865,907,4,4
110,911,938,4,9
110,959,1016,9,2
110,1026,1083,2,2
110,1093,1150,2,2
110,1160,1217,2,2
110,1227,1247,2,0
111,397,421,0,9
111,433,464,9,4
111,490,544,4,9
111,556,587,9,4
111,607,661,4,9
111,673,704,9,4
111,724,778,4,9
111,790,821,9,4
111,841,895,4,9
111,907,938,9,4
111,962,1016,4,9
111,1028,1059,9,4
111,1083,1137,4,9
111,1149,1180,9,4
111,1204,1258,4,9
111,1270,1301,9,4
111,1325,1370,4,0
112,399,458,0,6
112,461,518,6,0
113,399,420,0,3
113,446,491,3,3
113,517,562,3,3
113,588,610,3,7
113,634,656,7,7
113,680,702,7,7
113,726,748,7,7
113,772,794,7,7
113,818,840,7,7
113,864,886,7,7
113,910,932,7,7
113,956,978,7,7
113,1002,1024,7,7
113,1046,1068,7,7
113,1090,1112,7,7
113,1134,1156,7,7
113,1178,1200,7,7
113,1229,1269,7,0
114,400,443,0,3
114,452,473,3,3
114,482,503,3,3
114,512,533,3,3
114,542,563,3,3
114,572,600,3,9
114,620,648,9,9
114,668,696,9,9
114,716,744,9,9
114,764,792,9,9
114,812,840,9,9
114,860,888,9,9
114,908,936,9,9
114,956,984,9,9
114,1004,1032,9,9
114,1052,1080,9,9
114,1100,1160,9,0
115,409,437,0,0
116,411,451,0,4
116,477,510,4,0
117,414,438,0,6
117,450,491,6,0
118,418,451,0,6
118,466,512,6,7
118,515,541,7,6
118,556,602,6,7
118,605,631,7,6
118,646,692,6,7
118,695,716,7,8
118,737,783,8,7
118,786,840,7,4
118,854,904,4,3
118,907,961,3,4
118,975,1025,4,3
118,1028,1082,3,4
118,1105,1155,4,3
118,1177,1230,3,0
119,419,458,0,1
119,484,530,1,1
119,556,602,1,1
119,628,674,1,1
119,700,746,1,1
119,772,818,1,1
119,844,890,1,1
119,916,962,1,1
119,988,1034,1,1
119,1060,1093,1,9
119,1113,1146,9,9
119,1166,1199,9,9
119,1219,1249,9,0
120,684,740,0,7
120,758,815,7,7
120,833,890,7,7
120,908,965,7,7
120,983,1021,7,5
120,1037,1075,5,5
120,1091,1129,5,5
120,1145,1183,5,5
120,1199,1237,5,5
120,1253,1291,5,5
120,1307,1363,5,0
121,710,758,0,6
121,788,843,6,6
121,873,928,6,6
121,958,1013,6,6
121,1043,1098,6,6
121,1128,1152,6,0
122,720,772,0,6
122,801,856,6,9
122,864,908,9,6
122,937,992,6,9
122,1000,1044,9,6
122,1073,1128,6,9
122,1136,1196,9,0
123,720,744,0,1
123,761,784,1,2
123,799,825,2,4
123,847,867,4,1
123,884,907,1,2
123,917,943,2,4
123,965,985,4,1
123,1020,1043,1,2
123,1053,1079,2,4
123,1101,1126,4,7
123,1160,1183,7,2
123,1193,1219,2,4
123,1241,1271,4,4
123,1286,1309,4,2
123,1319,1345,2,4
123,1367,1391,4,0
124,727,747,0,6
124,775,811,6,6
124,839,883,6,6
124,888,932,6,6
124,937,981,6,6
124,986,1030,6,6
124,1035,1072,6,5
124,1092,1129,5,5
124,1149,1186,5,5
124,1206,1243,5,5
124,1263,1283,5,0
125,739,772,0,9
125,791,840,9,8
125,860,907,8,9
125,926,973,9,8
125,981,1028,8,9
125,1031,1078,9,8
125,1086,1133,8,9
125,1136,1176,9,0
126,740,777,0,9
126,783,824,9,9
126,830,871,9,9
126,877,918,9,9
126,924,965,9,9
126,971,1012,9,9
126,1018,1059,9,9
126,1065,1106,9,9
126,1112,1153,9,9
126,1159,1200,9,9
126,1206,1247,9,9
126,1253,1294,9,9
126,1300,1341,9,9
126,1347,1388,9,9
126,1408,1445,9,0
127,995,1017,0,3
127,1047,1067,3,6
127,1081,1114,6,3
127,1144,1164,3,6
127,1184,1232,6,0
128,1017,1055,0,4
128,1065,1099,4,4
128,1110,1144,4,4
128,1155,1214,4,0
129,1021,1064,0,6
129,1068,1116,6,4
129,1137,1187,4,9
129,1221,1278,9,0
130,1022,1067,0,2
130,1074,1122,2,2
130,1148,1191,2,2
130,1198,1246,2,2
130,1261,1304,2,2
130,1311,1359,2,2
130,1374,1430,2,0
131,1040,1100,0,5
131,1116,1144,5,7
131,1153,1185,7,5
131,1220,1272,5,0
132,1045,1098,0,1
132,1114,1153,1,1
132,1179,1226,1,0
133,1046,1106,0,6
133,1109,1149,6,3
133,1173,1213,3,0
134,1050,1090,0,3
134,1120,1155,3,7
134,1166,1225,7,8
134,1229,1264,8,7
134,1275,1334,7,8
134,1348,1383,8,7
134,1394,1426,7,4
134,1432,1456,4,0
135,1051,1096,0,8
135,1112,1153,8,6
135,1160,1203,6,3
135,1217,1256,3,0
136,1066,1126,0,8
136,1154,1208,8,8
136,1236,1290,8,0
137,1071,1122,0,8
137,1135,1179,8,0
138,1076,1135,0,3
138,1151,1179,3,8
138,1192,1226,8,5
138,1254,1290,5,3
138,1306,1334,3,8
138,1347,1392,8,0
139,1084,1111,0,8
139,1136,1182,8,2
139,1203,1242,2,9
139,1267,1312,9,8
139,1337,1360,8,0
140,1086,1116,0,3
140,1124,1150,3,9
140,1184,1238,9,0
141,1117,1154,0,8
141,1169,1222,8,0
142,1125,1176,0,3
142,1199,1219,3,0
143,1127,1152,0,7
143,1171,1223,7,0
144,1130,1174,0,7
144,1191,1212,7,9
144,1242,1269,9,4
144,1289,1324,4,0
145,1136,1162,0,5
145,1189,1241,5,5
145,1263,1309,5,0
146,1136,1170,0,9
146,1195,1241,9,3
146,1258,1314,3,9
146,1339,1385,9,3
146,1402,1449,3,0
147,1138,1187,0,9
147,1197,1224,9,9
147,1229,1272,9,6
147,1306,1326,6,0
148,1139,1191,0,0
